,dV0,absolute_E,absolute_N,angle_E,angle_N
dV0,1.0,0.07863325249400495,0.360735458389291,0.5807882077958302,-0.8539611272122442
absolute_E,0.07863325249400495,1.0,-0.8799343793248189,-0.7232479780969053,-0.3784845443990212
absolute_N,0.360735458389291,-0.8799343793248189,1.0,0.9640754874504409,-0.10557771159913398
angle_E,0.5807882077958302,-0.7232479780969053,0.9640754874504409,1.0,-0.3625844580177719
angle_N,-0.8539611272122442,-0.3784845443990212,-0.10557771159913398,-0.3625844580177719,1.0
