,dV0,absolute_E,absolute_N,angle_E,angle_N
dV0,1.0,-0.6133542735753462,0.747888824346806,0.7530896338482848,-0.9379867499377458
absolute_E,-0.6133542735753462,1.0,-0.9816123672994318,-0.9803288700330244,0.843125210928706
absolute_N,0.747888824346806,-0.9816123672994318,1.0,0.9999631071699181,-0.9291149798335889
angle_E,0.7530896338482848,-0.9803288700330244,0.9999631071699181,1.0,-0.9318088309026835
angle_N,-0.9379867499377458,0.843125210928706,-0.9291149798335889,-0.9318088309026835,1.0
