,dV0,absolute_E,absolute_N,angle_E,angle_N
dV0,1.0,-0.008980629674133715,0.5133122174647895,0.6206095193456039,-0.8597181314561666
absolute_E,-0.008980629674133715,1.0,-0.8347991077351716,-0.7529082372219369,-0.345078307342194
absolute_N,0.5133122174647895,-0.8347991077351716,1.0,0.9905632462423332,-0.22524548942353825
angle_E,0.6206095193456039,-0.7529082372219369,0.9905632462423332,1.0,-0.3543324184199545
angle_N,-0.8597181314561666,-0.345078307342194,-0.22524548942353825,-0.3543324184199545,1.0
